# x_m,y_m,w_tr_right_m,w_tr_left_m
-0.0065399999999992,-0.8219527092718258,2.7323209848877226,1.2300015663440678
-0.1050614408714483,-0.8389662579718462,2.7713909816769178,1.2350268867840841
-0.2035828817428973,-0.8559798066718665,2.8104609784661130,1.2400522072241005
-0.2962551815578032,-0.8934885729778085,2.8557589762383335,1.2378560699764345
-0.3890465312200958,-0.9306831984642051,2.8987611517174297,1.2353313833373500
-0.4839126878069652,-0.9622481709050290,2.9050111267822705,1.2277953140017956
-0.5787825437310615,-0.9938018774526967,2.9112443897655207,1.2202674344982916
-0.6738942101064083,-1.0246191789253940,2.9163852527476468,1.2132748906136510
-0.7689950949600326,-1.0554673822449607,2.9217045242851429,1.2062895989171949
-0.8626344810980320,-1.0905045127560777,2.9512081253856399,1.2002873840061417
-0.9562455312317361,-1.1256155834899593,2.9793709366903842,1.1943856408579847
-1.0493180892202358,-1.1621318004384846,2.9820536285730568,1.1903932443689818
-1.1424476087039768,-1.1984998552536212,2.9854358445056963,1.1863804707122161
-1.2360119482202372,-1.2337369028263159,2.9941579320281915,1.1822121463503346
-1.3295762877364974,-1.2689739503990105,3.0028800195506862,1.1780438219884530
-1.4214925561534832,-1.3082935935001043,3.0257904580448391,1.1700205915554329
-1.5132560681847360,-1.3479831479514670,3.0479920562218568,1.1616682715581470
-1.6045122033821166,-1.3888274001736804,3.0502221545600321,1.1524684733165971
-1.6957720855917826,-1.4296632630377890,3.0530350383247238,1.1435203407674175
-1.7870920634998222,-1.4703645748794179,3.0651948082327394,1.1386084975036939
-1.8784042676178374,-1.5110831562675970,3.0766848101001827,1.1335730167202440
-1.9694204137090863,-1.5524594333046973,3.0626672791096556,1.1238289086123350
-2.0604476493070538,-1.5938111905976211,3.0498994775919086,1.1144714885519325
-2.1516234034491646,-1.6348345620750100,3.0538689400996728,1.1102928692540890
-2.2427805227885433,-1.6758985923293885,3.0576809387018176,1.1060239782539023
-2.3333771820080744,-1.7181854755086263,3.0567570546285960,1.0990400765373205
-2.4239561540901904,-1.7605099942490017,3.0547738442062329,1.0920461535685564
-2.5143297389321946,-1.8032715460632125,3.0404894846427895,1.0849358614395479
-2.6046198206882307,-1.8462060516824605,3.0268081911898665,1.0782915850940662
-2.6943110870636486,-1.8903808395905903,3.0174515913494497,1.0749891902557480
-2.7840047277457209,-1.9345507886972120,3.0082853480386915,1.0716089399436983
-2.8738265071230069,-1.9784595930563897,3.0093924353814363,1.0640269161161358
-2.9635749787209553,-2.0225138589833138,3.0087498669383970,1.0562829346197251
-3.0523049138007945,-2.0685891644243188,2.9837976232052092,1.0462887171783755
-3.1408313659572387,-2.1150469697399608,2.9617625688343785,1.0369697179037274
-3.2286263816407779,-2.1628797030078966,2.9502135968452694,1.0300778470880780
-3.3164213973243175,-2.2107124362758324,2.9386646248561599,1.0231859762724285
-3.4040803032443643,-2.2587941230107207,2.9373194740688935,1.0151777316765547
-3.4916213822763189,-2.3070801883745449,2.9346493590939891,1.0069003950534505
-3.5770598514332619,-2.3590051644349388,2.9008479175226638,0.9943351266760244
-3.6623751907805118,-2.4111291734354050,2.8703215050557440,0.9815484827121557
-3.7469808434342924,-2.4644003541035895,2.8586714685201251,0.9674858901510418
-3.8315864960880721,-2.5176715347717735,2.8470214319845066,0.9534232975899282
-3.9160947834983109,-2.5710970340534818,2.8084877817742737,0.9306486322430514
-3.9993330258450768,-2.6263567092126592,2.7738985291103959,0.9117112433497083
-4.0790709152215330,-2.6866709210415660,2.7513886531979477,0.9037499989040497
-4.1586738650583044,-2.7471600691977769,2.7341216064853402,0.8945878462078221
-4.2372581393591648,-2.8089698336639306,2.7564333359954656,0.8763598862724906
-4.3150791572608238,-2.8715944934772168,2.7752216534203127,0.8572463510419247
-4.3818939432092439,-2.9459700239252151,2.7432020238460666,0.8253627334097109
-4.4488236322689385,-3.0202410977799357,2.7094262070001216,0.7915806691191433
-4.5165131581682516,-3.0938214160333959,2.6640369902076957,0.7452444651443774
-4.5844624679956443,-3.1671549267447818,2.6111005801278568,0.6988985086858426
-4.6544808198782643,-3.2385227454756063,2.4980547536335065,0.6524748788346202
-4.7181562920597422,-3.3143029730985663,2.3758926766679664,0.6110209493137591
-4.7593683477573334,-3.4050723414221955,2.2271779945117380,0.5864957767996354
-4.7593640477422507,-3.5050520150177027,2.1942415943341378,0.5737629799059539
-4.7593597477271681,-3.6050316886132108,2.1613051941565371,0.5610301830122723
-4.7631431532924111,-3.7049233688504764,2.1161286229373930,0.5550522393672037
-4.7677902603282369,-3.8047949841721085,2.0681609547059359,0.5506145887994804
-4.7665858216278885,-3.9047502779069423,2.0389670849957495,0.5501155838513667
-4.7647964037252928,-4.0047139369752474,2.0116500324852011,0.5500103254236380
-4.7526258390766669,-4.1038906666234460,2.0000485721368562,0.5500000000000000
-4.7393261651258793,-4.2029818055994266,1.9901564240382488,0.5500000000000000
-4.7107534934541553,-4.2986342284272530,2.0126176558236195,0.5509149985072797
-4.6803018930707205,-4.3938636103681326,2.0390590947363427,0.5519425627988220
-4.6454627518712615,-4.4875639770592786,2.0764803832133301,0.5619756822968003
-4.6101336750589770,-4.5810936059602101,2.1151277387630949,0.5730144088976871
-4.5483913799740057,-4.6592208393289374,2.1284069126100542,0.6327728304653238
-4.4843900117330540,-4.7360307346162012,2.1395163933242332,0.6966981564188909
-4.4269565853777264,-4.8178323803806471,1.9958235182138893,0.7054889454439375
-4.3519011316045475,-4.8673175397329906,1.8777244402309525,0.7050152040135759
-4.2520374212904342,-4.8721315311178230,1.8126256902353948,0.6983429809361786
-4.1521470510346177,-4.8761772829518755,1.7519512078951214,0.6938662471570175
-4.0521898632637638,-4.8782976045540725,1.7023652183155371,0.6948920437594868
-3.9522419994806159,-4.8807564054892838,1.6522111178519914,0.6965399168460638
-3.8523196686772363,-4.8841421044679691,1.6005012920739028,0.6998912956411729
-3.7524091992150259,-4.8878284801634324,1.5478878275888130,0.7038915174722856
-3.6525306767032033,-4.8923246887450746,1.4928405320110105,0.7096393120258611
-3.5526186611093533,-4.8954446759704560,1.4426331745657441,0.7177121811054220
-3.4526396636562393,-4.8958123973658125,1.4021050713196725,0.7304349004005862
-3.3526604937188766,-4.8960562696300052,1.3694404188101807,0.7455238206535970
-3.2526808598576351,-4.8959670299151270,1.3579257704433083,0.7669770155408874
-3.1527345630364842,-4.8971296480768114,1.3397119237564621,0.7900588207556558
-3.0529013812797703,-4.9025399134201502,1.2987671973140351,0.8186666223291575
-2.9530534222086726,-4.9043050531257384,1.2573887661215661,0.8456274859298141
-2.8531796562504521,-4.8997043983813837,1.2152529192553725,0.8697121609847703
-2.7533209235854663,-4.8948083118323549,1.1771795607700326,0.8936934756025141
-2.6534960346269241,-4.8892471343339157,1.1482518806153450,0.9174421000012976
-2.5536612563620085,-4.8838740972038357,1.1149223638903167,0.9417415803951452
-2.4538034446117707,-4.8789392635482702,1.0713403952530867,0.9673240763007442
-2.3539565430355323,-4.8737972245673875,1.0283964138240922,0.9883460287437198
-2.2541326592662032,-4.8682180328730693,0.9867984298437198,0.9997463464802749
-2.1542887200104364,-4.8630467302610105,0.9491051022485083,1.0070803855522008
-2.0543990151287548,-4.8588062103159322,0.9203220069735473,1.0051353782736163
-1.9545129454344459,-4.8544825686866542,0.8972840777762030,1.0081784784447212
-1.8546344139224940,-4.8499865600377996,0.8861597324205480,1.0215652719939428
-1.7547604160613863,-4.8453930135963237,0.8796109872273429,1.0404466192801753
-1.6548954687322617,-4.8406047523559890,0.8821965174913433,1.0702967500191587
-1.5550324203419092,-4.8357773660631684,0.8883963794320823,1.1061532783291468
-1.4551731571673416,-4.8308719905437103,0.9018008050572390,1.1539825522763809
-1.3553065274324734,-4.8261243242213219,0.9195368103605658,1.2075345284139334
-1.2554248017437690,-4.8216998441161634,0.9461493230383512,1.2728137754245585
-1.1555615566445172,-4.8169024806471752,0.9762086251405467,1.3424715343969447
-1.0557318208843978,-4.8114289983169547,1.0125177081839138,1.4200684904712795
-0.9558669189151381,-4.8068115353083272,1.0530006429356236,1.5049431548020378
-0.8559246163997395,-4.8040781640062429,1.1026701920424888,1.6058359970204910
-0.7559706595335650,-4.8019737345104545,1.1548179364443256,1.7018280387837090
-0.6559957022304903,-4.8010026202007419,1.2114312392392290,1.7889891338293542
-0.5801076563995112,-4.8241259409565238,1.2478741065902235,1.8813020512664202
-0.5840010050061711,-4.9239082974166557,1.2088042461739477,1.9313541863817607
-0.5960730020603279,-5.0231564814699627,1.1387837375806877,1.8188746529843094
-0.6089258140619774,-5.1222937390114991,1.0739754348807484,1.7137890829868854
-0.6249729839233393,-5.2209771899553896,1.0304905596013736,1.6389526330621791
-0.6409954735423286,-5.3196646381756771,0.9890332233115943,1.5649995880053762
-0.6569176407154949,-5.4183683348808360,0.9558176079647168,1.4946374856817213
-0.6731183935819616,-5.5170251148566098,0.9254355163506688,1.4265494304861470
-0.6904030426471249,-5.6154993554347872,0.9060778444278840,1.3673090336486797
-0.7076500005664308,-5.7139801754893789,0.8879257520564314,1.3125811612576466
-0.7247508537960892,-5.8124865000049741,0.8744469276948861,1.2753454868025698
-0.7417282944798081,-5.9110138680616062,0.8637401067676460,1.2414730245893624
-0.7582380023848779,-6.0096209910073846,0.8635391615508532,1.2203471157763666
-0.7747273518844850,-6.1082315124363884,0.8674904322852730,1.2030379075205828
-0.7911418015006539,-6.2068545371038182,0.8867179726333725,1.1997705861588643
-0.8074267526335485,-6.3054987115731986,0.9097642243678318,1.1977131655263100
-0.8232426601574059,-6.4042194906420011,0.9466418517696736,1.2000380062935274
-0.8396439988209942,-6.5028388600151414,0.9863138647016082,1.1952612457147871
-0.8579545081467234,-6.6011275185622322,1.0350987493458610,1.1673251961543307
-0.8770843658523947,-6.6992485248286053,1.0842692664009619,1.1407289205503597
-0.8988520924168413,-6.7968297793346322,1.1346813160597888,1.1184460091808575
-0.9209195456091370,-6.8943420544754241,1.1909175076175886,1.0958704868504001
-0.9439973144124366,-6.9916218146407116,1.2667856602175203,1.0723086343299122
-0.9651661432400223,-7.0892686862147736,1.3409317930520694,1.0477593567890784
-0.9798161292741702,-7.1881692072445116,1.4091973972788385,1.0198381196477153
-0.9949236537759364,-7.2869974327427540,1.4700916618014135,0.9945097261896115
-1.0114805478355073,-7.3855966437429164,1.5076353315136759,0.9773948250794208
-1.0278577582321098,-7.4842253374371204,1.5527502085284453,0.9613569954487529
-1.0436772519765212,-7.5829455418961116,1.6213652097060822,0.9486622671874909
-1.0597665130240408,-7.6816209944407747,1.6820186878823289,0.9371097433817014
-1.0766707161655122,-7.7801612555877115,1.7186211407822065,0.9290077136867182
-1.0927975078219354,-7.8788223056043227,1.7639102529678177,0.9207451808734401
-1.1065894581464717,-7.9778461272686050,1.8352884717931208,0.9120006004937204
-1.1207638073325714,-8.0768138042066386,1.8957327329383804,0.9053930192435562
-1.1360181663859132,-8.1756229114823658,1.9252961956048253,0.9048209688963192
-1.1523061154288126,-8.2742512651989113,1.9657964358260158,0.9065917728648206
-1.1714909004929297,-8.3723730220767703,2.0369491122131160,0.9149288795673517
-1.1886074939404643,-8.4708085244914670,2.1078766163607821,0.9250940990785687
-1.1993863774896156,-8.5702054601594657,2.1781141088483738,0.9408613375468637
-1.2112695516962109,-8.6694598550665916,2.2465758797814592,0.9558264260450132
-1.2260835563981829,-8.7683359412322766,2.3103248164184613,0.9686625772217051
-1.2293480645172425,-8.8661355433866493,2.3819968772748301,0.9769530731838175
-1.1965162603589767,-8.9605707475557939,2.4784315383000575,0.9710367689661465
-1.1673259752110716,-9.0560604679416965,2.5364530299728796,0.9632007085643787
-1.1446156582966949,-9.1534266666782358,2.5261194982489878,0.9519485025778482
-1.1226488622208948,-9.2509570044001634,2.5273998145350975,0.9449814887362823
-1.1022572316409422,-9.3488350742270931,2.5532843271129826,0.9470927501220046
-1.0817934570982626,-9.4466980256116564,2.5762652163984816,0.9510446669014126
-1.0611726226484723,-9.5445280636232450,2.5929248171471944,0.9590037542634483
-1.0397861747778689,-9.6421856950834837,2.6191521569729153,0.9676647963059927
-1.0164828392030771,-9.7394116674460314,2.6693345123391490,0.9780833418867274
-0.9923361661485466,-9.8364227212298800,2.7062095262783923,0.9847605765942403
-0.9662645854175508,-9.9329432259371249,2.7127106931142415,0.9828983141337455
-0.9403491472157898,-10.0295054610477177,2.7157277301544691,0.9790444999728822
-0.9147921410866132,-10.1261634901423943,2.7107467933569089,0.9706189909181713
-0.8881503447049688,-10.2225170743364426,2.7078403216941394,0.9683327833625527
-0.8596827148722466,-10.3183582408697294,2.7084254262393825,0.9763797641977862
-0.8311025652310986,-10.4141657676130173,2.7030500985797667,0.9845771876164490
-0.8022938525381187,-10.5099049613830111,2.6855672620820625,0.9930802071472546
-0.7697245347445547,-10.6043457115537993,2.6687497022702757,0.9983638253952298
-0.7333254041878747,-10.6974641224373190,2.6526096624518360,1.0003687946511435
-0.6971026154995497,-10.7906508527095184,2.6494631488318308,1.0017322671424977
-0.6612645778393214,-10.8839866454549501,2.6746665251729453,1.0016960916547022
-0.6243264186522515,-10.9768724126501134,2.6946812998804588,1.0009598952446548
-0.5844745689935910,-11.0685662795635480,2.7009539753999849,0.9983696815816832
-0.5445280665134505,-11.1602188460602481,2.7074469100466150,0.9946269946377152
-0.5044116492168229,-11.2517972726357112,2.7143352400821583,0.9888154598455710
-0.4642274822178031,-11.3433459377460526,2.7184253530952938,0.9868197840981211
-0.4239221887449987,-11.4348413937470230,2.7175126668512681,0.9916463014262461
-0.3838067900424624,-11.5264198407664971,2.7165175742308554,1.0001871756456697
-0.3440361804316535,-11.6181489733359200,2.7153728575864280,1.0154721520701140
-0.3080202222114920,-11.7112476588914500,2.6889837933657494,1.0230332987420783
-0.2793900391153097,-11.8070403922621701,2.6129365705170207,1.0154008991397272
-0.2400307997077120,-11.8979100052610871,2.5280092546729453,1.0008872382943523
-0.1860813388250428,-11.9820847688260859,2.4310060842745864,0.9770158927981185
-0.1336265988387750,-12.0671665006505222,2.3310115327889247,0.9580776839284750
-0.0838780557808707,-12.1538903013880937,2.2256010763477070,0.9480709345829433
-0.0280360980261547,-12.2363262978421243,2.1275304594833844,0.9512996105869007
0.0367972482734776,-12.3124352484218438,2.0402904446340271,0.9740583625492241
0.1042376485854161,-12.3861234230307762,1.9585326719651297,0.9912760064737954
0.1753404557940437,-12.4564108753804490,1.8844763897433965,1.0007094648015387
0.2481722539295781,-12.5248380952752765,1.8139514267496095,1.0188156475568924
0.3234648718585358,-12.5906177033324695,1.7484524821795011,1.0492654531746983
0.3969815333264403,-12.6583034425309560,1.6812267343150695,1.0635874074826173
0.4679139840777472,-12.7287628108304780,1.6114882989628045,1.0544415757807992
0.5384377510915460,-12.7996278803074190,1.5464725559495194,1.0779106907810205
0.6083756777865647,-12.8710745146603180,1.4882267020496358,1.1481327078896353
0.6814050978828909,-12.9391437534039504,1.4393387075735213,1.2176548235491533
0.7587431288632213,-13.0025059196772101,1.4034927512745248,1.2862014873445302
0.8361604029944424,-13.0657710746148563,1.3714061455501674,1.3543296559437159
0.9136836713121950,-13.1289064689676902,1.3443479782656407,1.4218980530372602
0.9909905316528534,-13.1923054240389224,1.3085143588267327,1.4864025141650954
1.0680052590823208,-13.2560601643310694,1.2608346031259283,1.5467709145738884
1.1386989257541820,-13.3258380649664279,1.2073701327471935,1.6095741612943371
1.1986644529714214,-13.4058385068171653,1.1440878124616414,1.6765098427094847
1.2404105980168028,-13.4934984952242498,1.1086544889127441,1.7583742062639478
1.2556206383439317,-13.5923144343434075,1.1137825788481976,1.8619818467757590
1.2752628849191521,-13.6902329555376383,1.1015960940704634,1.9034068011796557
1.2996907679955141,-13.7871824974610622,1.0707143464572328,1.8776905361275931
1.3243329212438522,-13.8840775092674313,1.0477475760192190,1.8567087533117779
1.3492210602784798,-13.9809099195758968,1.0338673334257926,1.8411622362859990
1.3737636356842555,-14.0778297420713514,1.0275574016091726,1.8233319367487875
1.3979114313254846,-14.1748494262412379,1.0298959653415536,1.8028925920260692
1.4208698957635080,-14.2721507021396157,1.0385325240460404,1.7889080721974666
1.4427887362696283,-14.3696981243588695,1.0526743165141441,1.7805658750608799
1.4651386240240261,-14.4671464864755368,1.0708514718477757,1.7770491182584327
1.4880050001821870,-14.5644761530327962,1.0938638700309014,1.7793142890418867
1.5108944401504107,-14.6618003949471465,1.1207007810431715,1.7765123164785099
1.5338095374836025,-14.7591186022105632,1.1517922762377677,1.7680733938260356
1.5555991306201378,-14.8566886439434942,1.1861898493151315,1.7619371001637145
1.5763431299884518,-14.9544926399812947,1.2236587698310493,1.7579399495892511
1.5968679504770096,-15.0523426110393164,1.2611815310295205,1.7544048915121733
1.6171740049505696,-15.1502384705149389,1.2987580314914662,1.7513310554941091
1.6375840883260033,-15.2481126356857093,1.3284934926134435,1.7402344390839839
1.6580995532312277,-15.3459648244730680,1.3502859618752050,1.7210107266872861
1.6783093724016183,-15.4438801201610776,1.3657513693117853,1.6961258294540611
1.6982266363100043,-15.5418558199501504,1.3751606960672620,1.6658222097445983
1.7180874481737349,-15.6398429626499524,1.3783601725348442,1.6366684081647556
1.7378943496519119,-15.7378410330625265,1.3756293868604803,1.6086126560721117
1.7580967673247883,-15.8357574675923392,1.3659176583188950,1.5783029924601661
1.7787097907361409,-15.9335891517064212,1.3489586533327951,1.5456534271798461
1.7990905078350230,-16.0314692281028783,1.3405195376148842,1.5141658754523797
1.8192560074995598,-16.1293941369567229,1.3399735724949611,1.4837548574310309
1.8392169960168534,-16.2273607406950227,1.3368598837046912,1.4578538794174087
1.8589965853679633,-16.3253643273429390,1.3314686519096885,1.4359532579021450
1.8789334673013511,-16.4233359136129557,1.3273948410984679,1.4149070081281752
1.8990179245541579,-16.5212774764329069,1.3245570632881298,1.3946623484914962
1.9189701682124778,-16.6192459775119623,1.3294487163890887,1.3745973089189751
1.9388067995153173,-16.7172380343804114,1.3410992638203616,1.3546893356359635
1.9586752572124786,-16.8152236384319522,1.3419040235678399,1.3347570591379199
1.9785720279820938,-16.9132035019942997,1.3330602642466607,1.3148031622614851
1.9983770896294468,-17.0112019063136835,1.3303032242918653,1.2949827885950218
2.0181042657919348,-17.1092160566768285,1.3327154311622949,1.2752758117171539
2.0379838391678851,-17.2071993049589658,1.3367764302348288,1.2553116145518872
2.0579943137741088,-17.3051560099708617,1.3422536555152833,1.2351264786220149
2.0779894867046713,-17.4031158385196498,1.3418060452905862,1.2150612269291787
2.0979720540517532,-17.5010782402509939,1.3364775311559756,1.1950947363649491
2.1180085051196427,-17.5990296227912104,1.3396507882104158,1.1750703125563193
2.1380883823186174,-17.6969721247116176,1.3496758183898212,1.1549991990123158
2.1585678384409013,-17.7948311150247989,1.3503827859604538,1.1350272407566504
2.1793950911519921,-17.8926174161884219,1.3429792396862226,1.1151415880317181
2.1995880467963018,-17.9905351346042188,1.3465615689977455,1.1015244153805228
2.2193273333870360,-18.0885468467392663,1.3580013393108001,1.0923906552679281
2.2401368224296774,-18.1863320701405371,1.3795875836434832,1.0823241917309394
2.2617962993605674,-18.2839374091842330,1.4092324714690534,1.0715169462861431
2.2846126041692592,-18.3812721157840286,1.4214493466270202,1.0583996641395466
2.3084995042557725,-18.4783563635022432,1.4175373331043368,1.0431445407185507
2.3325945824835297,-18.5753889967797399,1.4087385748244561,1.0313281335356006
2.3568273919999143,-18.6723874817869664,1.3967067314157713,1.0217867914284406
2.3813821037640253,-18.7693045791545750,1.4052937040963025,1.0095108468151173
2.4061631610890242,-18.8661644488045468,1.4283787970153230,0.9953120664886637
2.4315360632269858,-18.9628694309912298,1.4420946702434647,0.9820914060913742
2.4573792655857063,-19.0594513342785490,1.4483654396328247,0.9696479933923637
2.4832023984393086,-19.1560386038973611,1.4573073573920670,0.9489984851186368
2.5090112104093669,-19.2526297027390711,1.4681553114243375,0.9224933995203007
2.5347334514253679,-19.3492438624694607,1.4781428857290608,0.9124196455049041
2.5603952111402344,-19.4458741332912410,1.4875293706042076,0.9138253573720108
2.5857693333228315,-19.5425800275817849,1.4961186894379244,0.8942854036101541
2.6109513258642161,-19.6393364351339450,1.5041755352514559,0.8607546358176087
2.6367968003265307,-19.7359159484851645,1.5154529021511900,0.8480415412405354
2.6631266258032071,-19.8323663266136201,1.5290812941590202,0.8505256371527231
2.6872802953165698,-19.9293697502299949,1.5395695504380440,0.8342437066017528
2.7101946162874855,-20.0266881402968053,1.5482694594183497,0.8072742849257339
2.7373872402966559,-20.1228172793048472,1.5636429323453047,0.7757333086633750
2.7679830720565759,-20.2180004197745404,1.5843249410036697,0.7405558555404246
2.7983311813516960,-20.3132626047161438,1.6101010037521497,0.7299096057118822
2.8285197961683579,-20.4085756819207198,1.6391568396975744,0.7350576096604969
2.8580112186270510,-20.5041051783062329,1.6684522473786265,0.7263206164268144
2.8871016944614176,-20.5997591346618627,1.6978854297750594,0.7095985345939730
2.9174447404664945,-20.6950170184460838,1.7340614922988069,0.7130105430245909
2.9486371674560381,-20.7900063212609574,1.7748099726356226,0.7300756894663124
2.9782089908737732,-20.8855039713781920,1.8165603580799048,0.7409559418658184
3.0068588050116358,-20.9812908353033656,1.8588807569578860,0.7483174252084451
3.0372140684279381,-21.0765404424194678,1.9031798946654823,0.7578336506221225
3.0686390924428193,-21.1714530496769804,1.9487202166531159,0.7687014601590265
3.0992112504110496,-21.2666413320515204,1.9919937918985995,0.7818581722464023
3.1292852983195871,-21.3619906204240593,2.0339434905992526,0.7963517008133754
3.1564739477127453,-21.4581806675570874,2.0648600283885017,0.7962132604130400
3.1823249560984221,-21.5547604817844807,2.0906617065150130,0.7892915900337080
3.2244003537777943,-21.6438191236587016,2.1433898476856079,0.7711295937422259
3.2813991169160035,-21.7259597113816341,2.2208852353298116,0.7426286263852114
3.3299503477827224,-21.8132863505506052,2.2741769048593903,0.7619990621359465
3.3774035754881422,-21.9012870683379752,2.3243225954035109,0.7875917827219379
3.4238301181942732,-21.9898317104948582,2.3636614926881627,0.7900924402125740
3.4699846689052687,-22.0785204504758745,2.4001374268812121,0.7864754897538737
3.5279012546797355,-22.1591243014270987,2.4578365280670176,0.7742131142960441
3.5941682338355982,-22.2339883289991604,2.5306029022402168,0.7558129659696133
3.6536652029269496,-22.3142458130553720,2.5828168790662063,0.7552286742460085
3.7118264597542896,-22.3955674175342487,2.6309759004445863,0.7581594228150258
3.7741118482447549,-22.4737190358266155,2.6860258741336782,0.7501343191329591
3.8377370423058621,-22.5508408215388343,2.7433145096907863,0.7385499906064581
3.9114663300591812,-22.6178520369297793,2.8241780886549241,0.7628070342176024
3.9886288700184429,-22.6814277994323987,2.9130521561322009,0.7992425545634175
4.0648061895980092,-22.7461762426688097,2.9762773815577468,0.8181299008412248
4.1407356202875238,-22.8112197412364637,3.0330491645674948,0.8326019939617219
4.2085952557774968,-22.8053903543089547,3.0370958059863700,0.7335065478176075
4.3072867507676493,-22.8213879781126217,3.0197758327342448,0.6949250245179222
4.4062509072574816,-22.8352001840422432,3.0022619243182267,0.6591073523647331
4.5058476907411515,-22.8439418011959354,2.9842980491123434,0.6297023451614460
4.6053523830515335,-22.8536185735158277,2.9768260228457892,0.6110078194695284
4.7047411592203892,-22.8644724356123987,2.9825601986848604,0.6057946910323397
4.8041591602568667,-22.8750471736268821,2.9872169205579580,0.6041977955874688
4.9036406601282989,-22.8850154399798846,2.9895325857511197,0.6104581327207117
5.0031711166089909,-22.8944453544835866,2.9929250229978459,0.6224539182663452
5.1028188627581939,-22.9025854919602310,2.9988971780627010,0.6481906236430854
5.2025910343930892,-22.9079455155294305,3.0088913416536021,0.6756924539482253
5.3025675539923771,-22.9087396688945226,3.0254909787974289,0.7060932055153799
5.4025304294090075,-22.9081298757748151,3.0374360016243651,0.7394808112971839
5.5024726311554097,-22.9053928224622965,3.0423283512501409,0.7773940996041694
5.6024040174726144,-22.9023139632366473,3.0505102540721012,0.8167753473880153
5.7023193301904795,-22.8987271212767354,3.0635810021799488,0.8583382369755672
5.7713927922350310,-22.9245752104938987,3.0784058843510640,0.9238163886242973
5.7791244458221467,-22.9494889776355606,3.0768312529256381,1.0031661924829309
5.8149286200468993,-22.8562269171888275,3.0380278259303619,1.0028117628208475
5.8561255275976505,-22.7651294421469252,2.9907739081967351,0.9895484375850023
5.8952144308358028,-22.6731985143356667,2.9314587942925106,0.9769933739165935
5.9274532440970642,-22.5785592303661673,2.8329500798326053,0.9667398498774513
5.9493289953695605,-22.4815754203684541,2.7650867551766156,0.9633589620240909
5.9609667686631607,-22.3822753831906134,2.7274989249939101,0.9667677564097517
5.9701606294937450,-22.2827502682493375,2.6918605592428100,0.9719777788653499
5.9768553156328013,-22.1829949860420577,2.6582157395958532,0.9790297591136997
5.9845910742842854,-22.0833219422094409,2.6317041428754271,0.9876959982405117
5.9936418032992806,-21.9837527730100781,2.6142024629789749,0.9984011948451855
6.0029932020121954,-21.8842119930336096,2.5875095435314779,1.0130371570207690
6.0127389124485866,-21.7847084439569869,2.5487628204138653,1.0328281014163090
6.0201824876138232,-21.6850308996276908,2.5296525678328048,1.0541937140121886
6.0255030004992527,-21.5851928943722271,2.5286513509921913,1.0770115082853284
6.0324203485689285,-21.4854699533616902,2.5199797735365066,1.1030254285185677
6.0414686705893414,-21.3859005653984795,2.5010721123417330,1.1333045736362766
6.0481249570533038,-21.2861692418607795,2.4914778967966007,1.1611771712656123
6.0525789503182805,-21.1862888278911150,2.4904583606528754,1.1868341148874713
6.0577138412822276,-21.0864437823295319,2.4919557788113189,1.2149323267251746
6.0636322316289295,-20.9866394346964853,2.4963494208006796,1.2458396714813029
6.0714018499259295,-20.8869851564912494,2.4931546294501876,1.2794648258484715
6.0816363357684295,-20.7875306922862961,2.4798560131992686,1.3167086813615589
6.0891997904510129,-20.6878742849545780,2.4575000061283663,1.3499982637296508
6.0940346651801516,-20.5880115835235209,2.4258914619127117,1.3792483760249910
6.0969577539291118,-20.4880924692455046,2.3975463013121932,1.4081515119937473
6.0980196476178961,-20.3881184349538529,2.3723781665539585,1.4367168535484183
6.0985620159308773,-20.2881415636966551,2.3490332124972921,1.4639919950727902
6.0985920068636039,-20.1881618945068766,2.3274863545397042,1.4899946880463872
6.0983844005244743,-20.0881827130377104,2.3090954900976213,1.5151401770979789
6.0979439510813140,-19.9882040095302038,2.2937974697808632,1.5394456143239363
6.0980021428153233,-19.8882255571749873,2.2774239559650189,1.5597147271219258
6.0985433052337434,-19.7882473480792491,2.2600087475296498,1.5760743626029041
6.1002312143210533,-19.6882884092934205,2.2388495784256213,1.5913905796040946
6.1030495425810871,-19.5883484664448630,2.2139997555472264,1.6056782344243552
6.1050212728796618,-19.4883915612619774,2.1910628023257059,1.6293613400262759
6.1062083686611413,-19.3884189352368530,2.1698987137079544,1.6617522329399772
6.1068163080924194,-19.2884426483577762,2.1493625080699510,1.6867479493925672
6.1068931129113793,-19.1884630041706998,2.1294021234221061,1.7049616730700949
6.1075236516832510,-19.0884867059914747,2.1089459770910675,1.7295766567520996
6.1086550877924761,-18.9885134345481248,2.0880413740494221,1.7599821000493927
6.1088765012780168,-18.8885376468352497,2.0683107531254090,1.7917324356769009
6.1082979429519915,-18.7885596471502296,2.0496121423700937,1.8246650231800927
6.1080919492492223,-18.6885807916827567,2.0306739751859104,1.8374224404299131
6.1082112041497165,-18.5886011891179166,2.0115266754404786,1.8325669509894880
6.1084764377619445,-18.4886219587755818,1.9915280062404157,1.8438003458040813
6.1088670452720208,-18.3886430481167409,1.9707981379102304,1.8688516878187953
6.1090063502534369,-18.2886637378049670,1.9504823960458286,1.8891982968022187
6.1089337420315521,-18.1886840904821234,1.9305158701897311,1.9055775957364738
6.1089286936874627,-18.0887044358775526,1.9135102261857704,1.9158951266019755
6.1089797499336651,-17.9887247752259292,1.8989634241547919,1.9211787079543690
6.1090040075744456,-17.8887451074103332,1.8843048487390923,1.9156654796765706
6.1090064056554132,-17.7887654337511165,1.8695551000347006,1.9013453190163825
6.1090952975748261,-17.6887858296346074,1.8562062288856811,1.9161998099397848
6.1092536705438940,-17.5888062813821939,1.8439826915724222,1.9544904837384511
6.1096811395312187,-17.4888278074079970,1.8358149182625529,1.9690514337378611
6.1103210304625044,-17.3888501814592367,1.8308487280880830,1.9648803560700099
6.1109333528774039,-17.2888723857697784,1.8194899334011188,1.9552753352763304
6.1115245979678221,-17.1888944603062157,1.8032437157679400,1.9415158296760759
6.1127325893570550,-17.0889235436777867,1.7911445298903199,1.9605751051855602
6.1144135440353766,-16.9889580019040167,1.7822255719003106,2.0048020690742501
6.1164105584011574,-16.8889986472121691,1.7770756395851897,2.0246837477881057
6.1186431783620083,-16.7890439046590210,1.7747353143544473,2.0264173183173559
6.1206332963060959,-16.6890842465864857,1.7724038926009285,2.0317335471132987
6.1224530141561688,-16.5891211345015783,1.7700787270978775,2.0395672201499928
6.1250429540338907,-16.4891772198191084,1.7672522753293922,2.0701272360043350
6.1282054640862311,-16.3892475761645713,1.7640531757343960,2.1175816350474821
6.1321425611269103,-16.2893475860735819,1.7606198281486514,2.1400310283554562
6.1366293362057993,-16.1894686393423157,1.7570202487801014,2.1447358652677693
6.1405389078009760,-16.0895665059733837,1.7546359068149353,2.1526735705815314
6.1440780657940088,-15.9896494928502193,1.7530314292767000,2.1626859314779963
6.1491595394498031,-15.8898074506500553,1.7555680835631118,2.2048258094550426
6.1553279659350544,-15.7900182444930248,1.7610232162535426,2.2696076772901241
6.1631544195560046,-15.6903548027838813,1.7704524635849550,2.3124866415037602
6.1721083610742165,-15.5907768831327722,1.7825841794487323,2.3404712422800560
6.1797476814699781,-15.4910943921502202,1.7904332138167200,2.3642349398466695
6.1866485505942164,-15.3913531611768466,1.7958765728596369,2.3856276642949159
6.1932207726202924,-15.2915900929362998,1.7952654370475880,2.4064607885918585
6.1995771084392635,-15.1918126799326032,1.7906771417307565,2.4269263150769360
6.2083789479843592,-15.0922406263218587,1.7675869524636663,2.4490119146782416
6.2187517603309734,-14.9928004940071027,1.7326112886982417,2.4721382368001756
6.2308941440455996,-14.8935710291379770,1.7116463576680034,2.4888569494130972
6.2441570631202383,-14.7944749639871684,1.6995533612391300,2.5015182088157180
6.2557968000346795,-14.6951823720569443,1.6854582655612629,2.5101022162305453
6.2665665409456048,-14.5957844453609251,1.6702900812381503,2.5165008910180817
6.2778679781901428,-14.4964465322716674,1.6491787839415484,2.5182937586399770
6.2895254054923422,-14.3971488004775896,1.6240883560841950,2.5170028706389380
6.3026369222081540,-14.2980398483848994,1.6103773202328062,2.5214049991792895
6.3167215872625668,-14.1990572369773460,1.6042819346442092,2.5296171751190801
6.3301638474605175,-14.0999862907830344,1.6103670268895596,2.5407150568536343
6.3433182591068800,-14.0008757635672367,1.6219099435378463,2.5531059646682057
6.3568202720986999,-13.9018124896723609,1.6423971257195400,2.5757961221230818
6.3706006867484692,-13.8027870620144384,1.6700479693374353,2.6067351779580985
6.3931760759730345,-13.7055742888689576,1.7464990688301065,2.6441954914974448
6.4196739645560026,-13.6091699474138217,1.8447147533969825,2.6845642420019757
6.4531897673162959,-13.5150870259981275,1.9058088181528925,2.7101194082350353
6.4894066413620859,-13.4218975781775445,1.9526154267203704,2.7299730873737795
6.5240582079777862,-13.3281246723972000,1.9788905192652755,2.7343393259813293
6.5576741922102038,-13.2339657601539109,1.9915822888882195,2.7284593214113855
6.5918477008260403,-13.1400086824403406,1.9982460214558724,2.7100390152149392
6.6262971518341098,-13.0461515011700886,2.0019262235897366,2.6854119834777603
6.6617513406504596,-12.9526718816759612,2.0048077573588392,2.6669990947941313
6.6976384418642949,-12.8593549426068812,2.0073451680803771,2.6512637002243795
6.7333170535098947,-12.7659582381995715,2.0107377442006036,2.6440257346683471
6.7688809083416066,-12.6725176293602502,2.0146010204010785,2.6414649234087806
6.8043583307297348,-12.5790441934530683,2.0206062377208878,2.6400152197250009
6.8397909488047413,-12.4855537408543871,2.0277217811708357,2.6391414850833463
6.8753142584927165,-12.3920977339505107,2.0310709628179486,2.6326237297856538
6.9108799017975278,-12.2986578058305192,2.0326620577776033,2.6234714220741022
6.9461556134932279,-12.2051083011296839,2.0356327751917545,2.6161975921738723
6.9812819782638398,-12.1115023523403256,2.0393141511367006,2.6098913866241840
7.0168188604252686,-12.0180519263246701,2.0489182456267612,2.6008976331628961
7.0525326237732955,-11.9246685109969111,2.0610742843403234,2.5907458857304015
7.0888778231003524,-11.8315300248255735,2.0700401118209721,2.5831313285381037
7.1254763534757686,-11.7384898038181316,2.0777260319429045,2.5765346877851276
7.1620412270892562,-11.6454363538746986,2.0803067203343244,2.5714451535589831
7.1985900928364170,-11.5523766119701001,2.0804592527645083,2.5670724310057489
7.2345512132239076,-11.4590892764580321,2.0835154630603725,2.5605184159217371
7.2702075379911761,-11.3656839144339727,2.0880774756248890,2.5528332163904892
7.3070720496934971,-11.2727524175312173,2.1137761133926962,2.5441426784946657
7.3444242159417863,-11.1800121844750375,2.1480060231580449,2.5350463608229665
7.3832898857660796,-11.0879012489327522,2.1781258042344231,2.5269023000415878
7.4227022186050586,-10.9960176096331264,2.2067610461425549,2.5191021853404636
7.4616736956462359,-10.9039466590140375,2.2317347935595686,2.5052685895147144
7.5004546033226163,-10.8117947390636111,2.2551257815281525,2.4888268921937788
7.5393739573488707,-10.7197012540195686,2.2773003164463286,2.4659064883618060
7.5783487669412537,-10.6276311754489967,2.2989875933570367,2.4403909974243523
7.6179794628688429,-10.5358425442401558,2.3250804827859008,2.4147553090583229
7.6578551466888038,-10.4441590397769986,2.3528189648540470,2.3890747243236459
7.6975036033558926,-10.3523771739960377,2.3785615753021219,2.3640318749149021
7.7370625568780849,-10.2605565643978487,2.4035180262417568,2.3392402248745476
7.7767226458596479,-10.1687796176424712,2.4220622882059120,2.3134410090061857
7.8164205475410489,-10.0770189956260108,2.4382091499057119,2.2872650826896979
7.8565667649820670,-9.9854540915545780,2.4646484053017668,2.2621981847425525
7.8968717026231534,-9.8939584788045458,2.4947315450618590,2.2375239234602646
7.9367339160540453,-9.8022695948837750,2.5279850855233250,2.2134487978609827
7.9764298288661939,-9.7105081124591521,2.5624295244858661,2.1895987257656691
8.0156952456337152,-9.6185620301206836,2.5938465405189306,2.1654706023835226
8.0548034195341192,-9.5265485208683476,2.6241577608836151,2.1412409180646552
8.0946883519227288,-9.4348703112718475,2.6566022396513671,2.1201547139714014
8.1348263558028311,-9.3433013438468784,2.6897417438279323,2.1000926702076113
8.1751649722025412,-9.2518206625108590,2.7244716783227085,2.0809924232075834
8.2155709051707255,-9.1603696060285795,2.7597352899360854,2.0622149120858193
8.2544869540035624,-9.0682799149511499,2.7998070996360127,2.0401775080231879
8.2928557851115983,-8.9759556605530921,2.8416449065399343,2.0169427818629098
8.3333735430304934,-8.8845621677309623,2.8689549716582667,1.9932635029496719
8.3744696220501833,-8.7934191622946614,2.8923553179443271,1.9694645856028905
8.4165904938730272,-8.7027474334021839,2.9323462310041086,1.9485292115234265
8.4590374876545571,-8.6122256798306545,2.9776167948531209,1.9285051088114507
8.4932489551480295,-8.5184404425584894,3.0244005830139016,1.9013105812782043
8.5243288542533637,-8.4234142618378200,3.0717597764679421,1.8713894914204088
8.5543906330524742,-8.3280628643722334,3.1091815434912711,1.8403963532794236
8.5841532974127848,-8.2326159211999670,3.1436837854724677,1.8090882571529903
8.6082727287955851,-8.1356541849920792,3.1680006222142896,1.7704242552484193
8.6303078265811628,-8.0381329585009489,3.1885554696095113,1.7290433423794256
8.6538638500386522,-7.9409713766489913,3.1897538043476970,1.6970763362293479
8.6778407544325837,-7.8439093181171451,3.1855956727418775,1.6677144106223876
8.7040402508174868,-7.7474274931866098,3.1789447697341342,1.6480073534631980
8.7305678750231426,-7.6510313298565373,3.1719258515211384,1.6297256730516547
8.7575176423197156,-7.5547525222450886,3.1722462367873345,1.6164730386298580
8.7845474467681122,-7.4584959649503464,3.1739581335089864,1.6041738972915107
8.8051667017928121,-7.3607615665566302,3.2011057015978004,1.5895307242494794
8.8230058981367616,-7.2623862738020151,3.2392839402752474,1.5738710165463654
8.7829622893985935,-7.1819592240406891,3.2348143894662091,1.4760792353807528
8.7348270666636818,-7.0977058147116701,3.2195268939906394,1.3913663416577415
8.7059688049142014,-7.0019815446462736,3.2142318271861021,1.3553027671594349
8.6752109231169126,-6.9068841644837873,3.2040886072297905,1.3172233319689670
8.6414261492801074,-6.8127856830531508,3.1862202444490606,1.2759317846043221
8.6097130141616791,-6.7179902375673262,3.1712243876509323,1.2415202439140143
8.5797498869424889,-6.6226060346928399,3.1586550679297414,1.2129205592776104
8.5493875378415822,-6.5273493110440945,3.1474357816184546,1.1835242170695475
8.5185262268407342,-6.4322519155273747,3.1379038157323249,1.1531321835084747
8.4871897343918050,-6.3373117548912559,3.1285532607261284,1.1236001063118424
8.4552362384816604,-6.2425757572458291,3.1194382602460489,1.0951846468945929
8.4246256312125318,-6.1474062324784748,3.1157428526243751,1.0741836278245060
8.3951529911338163,-6.0518693357445699,3.1166400215350305,1.0594656240340492
8.3650450059490264,-5.9565333232698290,3.1253134931605584,1.0476080224728916
8.3342371615471667,-5.8614185932115195,3.1425528875856621,1.0389012736460355
8.3006588217550359,-5.7673306143639502,3.1642781160240561,1.0313641586357076
8.2620400420649815,-5.6751106327655707,3.1941645479841947,1.0259549912030952
8.2251381697323680,-5.5822091363603610,3.2175432456615383,1.0243644749459300
8.1899968296724417,-5.4886088085321605,3.2342488539742722,1.0266896380079700
8.1552555469033976,-5.3948602666258623,3.2549406423283056,1.0319402166505980
8.1209303654330149,-5.3009575666232491,3.2797784735859477,1.0402335325460188
8.0785443506400512,-5.2109453152283898,3.3082058323170798,1.0487018549850047
8.0263826694542146,-5.1256511526695068,3.3409863418559071,1.0573824142384740
7.9751677228724462,-5.0397926881922555,3.3724833211106122,1.0691087645325659
7.9249569753622362,-4.9533356700548037,3.4026188629423126,1.0840657779100717
7.8657221396001988,-4.8729096640438723,3.4036120966879118,1.0895296224731015
7.8050451520889039,-4.7934474822382516,3.3999480587612005,1.0934763508876957
7.7437432883026647,-4.7144685588090303,3.4006694992433202,1.0933263485681366
7.6820946421733316,-4.6357578252260279,3.4038247118802989,1.0909028179679081
7.6182313365989005,-4.5588582178684502,3.4066409729834675,1.0844271813154334
7.5533225846401928,-4.4828135660517914,3.4092972295061341,1.0760387180067414
7.4888844812932716,-4.4063703105278025,3.4081615131443934,1.0725190481797144
7.4245635129554497,-4.3298278505278844,3.4060820507114400,1.0702111234943159
7.3602528427345968,-4.2532767387898742,3.4079846351071228,1.0726256706748927
7.2959500381629327,-4.1767190188984600,3.4129286865499568,1.0786472177677182
7.2289569899527946,-4.1025352290803205,3.4115539365024552,1.0817580257062673
7.1609959332860535,-4.0292056311849676,3.4079055435808421,1.0838214860826814
7.0927654394687014,-3.9561269344822785,3.4073671232135858,1.0769939350777211
7.0244575173684760,-3.8831203393753730,3.4077224171472027,1.0676113698783021
6.9546931756236150,-3.8115295573445542,3.4102375701513652,1.0562775661899670
6.8836467972621946,-3.7411850673508096,3.4146539735439356,1.0432261537069103
6.8122394597673646,-3.6712077492155757,3.4167642556349067,1.0386610964378402
6.7406929035871270,-3.6013720459578318,3.4179850875187223,1.0373691499101005
6.6692750883315801,-3.5314047877011769,3.4190076773990827,1.0363262045900099
6.5979089007202161,-3.4613847733011971,3.4199507683350205,1.0353831136540721
6.5265478924682716,-3.3913594805081115,3.4208901303434378,1.0344437516456546
6.4551888979656971,-3.3213321354610836,3.4218280425344481,1.0335058394546444
6.3838377362566856,-3.2512968099191561,3.4222055082075156,1.0316607061599203
6.3124896918964053,-3.1812583082452988,3.4223599235434734,1.0294545108074653
6.2396776268275556,-3.1127575400426810,3.4076836822553052,1.0204618902327751
6.1662215305944921,-3.0449332296742506,3.3864833494732571,1.0084838820121860
6.0915048220550716,-2.9785010147957385,3.3821536837828350,1.0076907846245446
6.0167489977729360,-2.9121119954728663,3.3783475007445074,1.0072447456403717
5.9411592450634929,-2.8466809817451115,3.3811946631612066,1.0029206481268411
5.8651006933458403,-2.7817885179194315,3.3877820527347096,0.9964164714448353
5.7841943249780421,-2.7233526386394038,3.3926620782330601,0.9823494906465123
5.7006596676308599,-2.6684172568473086,3.3966164403851327,0.9641822651098583
5.6199827952312003,-2.6093951283645374,3.4057170356148947,0.9572107314062379
5.5397156862819905,-2.5497870217708054,3.4155555233948141,0.9518444918027363
5.4586528971274211,-2.4912730914604686,3.4190518532449339,0.9443819650933186
5.3772078480072407,-2.4332848243319720,3.4195012893105101,0.9359123420257954
5.2964834237619103,-2.3743002857684363,3.4273290719913168,0.9312574760623449
5.2159147166219437,-2.3151004666762431,3.4367512137032872,0.9274269265423667
5.1335172236661037,-2.2585154244403447,3.4485828067144899,0.9237003423879382
5.0502716990647363,-2.2031428880653632,3.4615316934690932,0.9200219683187252
4.9671144495570072,-2.1476379285082872,3.4665041281909978,0.9185213833113990
4.8839797481565306,-2.0920991440976797,3.4694391377624227,0.9175770709662713
4.8001466627862506,-2.0376246532555680,3.4645136672135313,0.9164317055068307
4.7161072267905340,-1.9834646278837469,3.4572656705769980,0.9152269351388038
4.6318587662873556,-1.9296304905871973,3.4570261247879710,0.9157589562728580
4.5475856023917860,-1.8758348681092882,3.4576148670949185,0.9164962387061160
4.4625176342931914,-1.8233192577376285,3.4663192804653389,0.9212769044272860
4.3769291825853536,-1.7716418730804191,3.4803383030822088,0.9287054106093142
4.2884673093481798,-1.7250844284825322,3.4665736336855795,0.9244068306110875
4.1997689887081542,-1.6789482922507932,3.4505227066859030,0.9191432550345854
4.1106975833156181,-1.6335388700569238,3.4461722841630329,0.9163959376453582
4.0215119733528386,-1.5883519015115477,3.4454034904162598,0.9144188693295363
3.9328440815753449,-1.5421631888443339,3.4388999589030611,0.9150414843967992
3.8443972555201680,-1.4955467313264190,3.4299476937300026,0.9167741645558624
3.7540528376176918,-1.4527768211352221,3.4098904258831073,0.9208753559143728
3.6632384683037733,-1.4109595343166150,3.3870829292722795,0.9255631250360532
3.5715932752790631,-1.3710082863054569,3.3732546943141402,0.9304654340520996
3.4797506439472388,-1.3315004868121805,3.3615603057988679,0.9354187266799560
3.3886690341413375,-1.2902816024197070,3.3466532761431185,0.9466062314934287
3.2978215867829173,-1.2485362259186732,3.3307577331711142,0.9597119716442356
3.2057315363088117,-1.2096259098831061,3.3159623618821010,0.9714345432601670
3.1134670503538029,-1.1711135770244829,3.3013214316806465,0.9829629469511226
3.0233277189719412,-1.1279650036441726,3.2833993641089512,0.9988105516723841
2.9339267054897262,-1.0832057147858016,3.2643373688904549,1.0161587265042389
2.8421898382424620,-1.0435421768373927,3.2258953080685959,1.0311568014864343
2.7499262185692035,-1.0050277686822302,3.1830828980728079,1.0456249114444232
2.6541311636064369,-0.9766845001282878,3.1673480212461578,1.0569832303763484
2.5578516849315598,-0.9497364549886260,3.1553274979491808,1.0679149645377173
2.4637560134276328,-0.9161110536716649,3.1505283363651224,1.0846979309076192
2.3701590884465995,-0.8809606513290343,3.1473784179435551,1.1028172248422803
2.2741785223636901,-0.8531324756252247,3.0962274233851095,1.1139789659453221
2.1778257694158634,-0.8264476081882383,3.0375814372249637,1.1240543397366671
2.0791470771390981,-0.8106111483510384,3.0080445338441262,1.1274348612331486
1.9803236984139201,-0.7954495202031717,2.9803183783842351,1.1303989254346383
1.8823641352951042,-0.7754902184009297,2.9320942855744021,1.1437723657835019
1.7842565794959828,-0.7567667951036974,2.8848464997602798,1.1571558296381468
1.6844421219671881,-0.7510214301034257,2.8566764560843874,1.1651255518092132
1.5846276644383934,-0.7452760651031540,2.8285064124084949,1.1730952739802794
1.4848066238897548,-0.7396463351558218,2.8201718210561637,1.1798281789438361
1.3849850164213893,-0.7340265635247428,2.8135454289240229,1.1864545710759771
1.2856624525115639,-0.7227795472409621,2.7883632332917485,1.1936859106423612
1.1862760478021070,-0.7130909547855967,2.7604768846734560,1.1999449280867229
1.0862986944875914,-0.7137721118734974,2.7321204978313767,1.2015322165921778
0.9863213411730689,-0.7144532689613980,2.7037641109892956,1.2031195050976329
0.8864025669170728,-0.7178720737686503,2.7055597066779686,1.2048256415950840
0.7864875854257006,-0.7214681305441921,2.7093075251503227,1.2065394730345689
0.6869454320252245,-0.7306714300895771,2.7233564395798928,1.2158328342669453
0.5874539994000429,-0.7405322675252807,2.7342764277986165,1.2245003543482320
0.4880414703097463,-0.7511663735349514,2.7295881981998034,1.2282658211978610
0.3886289412194426,-0.7618004795446229,2.7248999686009898,1.2320312880474902
0.2893668581845241,-0.7737566978107445,2.7459789573304478,1.2344348597343302
0.1901067181268545,-0.7857299908617658,2.7673907239373285,1.2368208428489087
0.0917728894041273,-0.8037727497623597,2.7502911301212523,1.2334759776667350
